mes,fecha,ppdi_cobrado,obra,estructuracion,comision,fideicomiso,seguros,garantias,reembolso,impuesto_renta,igv_neto,fc_antes_deuda
1,2026-10-31,0.0,-1433.950782,0.0,0.0,0.0,0.0,0.0,-8437.110272,0.0,-1776.79099,-11647.852044
2,2026-11-30,0.0,-1436.319068,0.0,0.0,0.0,0.0,0.0,0.0,0.0,1518.253557,81.934489
3,2026-12-31,0.0,-1438.691266,0.0,0.0,0.0,0.0,0.0,0.0,0.0,-0.426996,-1439.118262
4,2027-01-31,0.0,-1441.067382,0.0,0.0,0.0,0.0,0.0,0.0,0.0,-0.427701,-1441.495083
5,2027-02-28,0.0,-1443.447422,0.0,0.0,0.0,0.0,0.0,0.0,0.0,-0.428407,-1443.875829
6,2027-03-31,0.0,-1445.831392,0.0,0.0,0.0,0.0,0.0,0.0,0.0,-0.429115,-1446.260507
7,2027-04-30,0.0,-1448.219301,0.0,0.0,-8.333333,0.0,0.0,0.0,0.0,-1.929823,-1458.482457
8,2027-05-31,0.0,-1450.611153,0.0,0.0,-8.333333,0.0,0.0,0.0,0.0,-0.430533,-1459.375019
9,2027-06-30,0.0,-1453.006955,0.0,0.0,-8.333333,0.0,0.0,0.0,0.0,-0.431244,-1461.771533
10,2027-07-31,0.0,-1372.731614,0.0,0.0,-8.333333,0.0,0.0,0.0,0.0,14.449561,-1366.615386
11,2027-08-31,0.0,-1374.998792,0.0,0.0,-8.333333,0.0,0.0,0.0,0.0,-0.408092,-1383.740217
12,2027-09-30,0.0,-1377.269714,0.0,0.0,-8.333333,0.0,0.0,0.0,0.0,-0.408766,-1386.011814
13,2027-10-31,0.0,-41.542705,0.0,0.0,-8.333333,0.0,0.0,0.0,0.0,240.430862,190.554823
14,2027-11-30,0.0,-41.611316,0.0,0.0,-8.333333,0.0,0.0,0.0,0.0,-0.01235,-49.957
15,2027-12-31,0.0,-41.680041,0.0,0.0,-8.333333,0.0,0.0,0.0,0.0,-0.01237,-50.025745
16,2028-01-31,0.0,-125.246637,0.0,0.0,-8.333333,0.0,0.0,0.0,0.0,-15.041987,-148.621957
17,2028-02-29,0.0,0.0,0.0,0.0,-8.333333,0.0,0.0,0.0,0.0,22.544395,14.211061
18,2028-03-31,0.0,0.0,0.0,0.0,-8.333333,0.0,0.0,0.0,0.0,0.0,-8.333333
19,2028-04-30,0.0,0.0,0.0,0.0,-8.333333,0.0,0.0,0.0,0.0,0.0,-8.333333
20,2028-05-31,0.0,0.0,0.0,0.0,-8.333333,0.0,0.0,0.0,0.0,0.0,-8.333333
21,2028-06-30,0.0,0.0,0.0,0.0,-8.333333,0.0,0.0,0.0,0.0,0.0,-8.333333
22,2028-07-31,0.0,-42887.065259,-4178.316987,-144.842496,-8.333333,0.0,0.0,0.0,0.0,-7719.671747,-54938.229821
23,2028-08-31,0.0,-6255.756247,0.0,-140.690985,-8.333333,0.0,0.0,0.0,0.0,6593.635622,188.855056
24,2028-09-30,0.0,-6266.088138,0.0,-136.532618,-8.333333,0.0,0.0,0.0,0.0,-1.85974,-6412.813829
25,2028-10-31,0.0,-6276.437092,0.0,-132.367383,-8.333333,0.0,0.0,0.0,0.0,-1.862812,-6419.000619
26,2028-11-30,0.0,-6286.803138,0.0,-128.195268,-8.333333,0.0,0.0,0.0,0.0,-1.865888,-6425.197628
27,2028-12-31,0.0,-6297.186304,0.0,-124.016264,-8.333333,0.0,0.0,0.0,0.0,-1.86897,-6431.404871
28,2029-01-31,0.0,-15790.503749,0.0,-113.537204,-8.333333,0.0,0.0,0.0,0.0,-1708.79714,-17621.171426
29,2029-02-28,0.0,-15816.58305,0.0,-103.040837,-8.333333,0.0,0.0,0.0,0.0,-4.694274,-15932.651494
30,2029-03-31,0.0,-15842.705423,0.0,-92.527135,-8.333333,0.0,0.0,0.0,0.0,-4.702027,-15948.267918
31,2029-04-30,0.0,-15868.870939,0.0,-81.996068,-8.333333,0.0,0.0,0.0,0.0,-4.709793,-15963.910133
32,2029-05-31,0.0,-15642.805379,0.0,-71.615025,-8.333333,0.0,0.0,0.0,0.0,40.691801,-15682.061937
33,2029-06-30,0.0,-15633.191716,0.0,-61.240363,-8.333333,0.0,0.0,0.0,0.0,1.730459,-15701.034952
34,2029-07-31,0.0,-13673.054738,0.0,-52.166507,-8.333333,0.0,0.0,0.0,0.0,352.824656,-13380.729922
35,2029-08-31,0.0,-13671.281142,0.0,-43.093828,-8.333333,0.0,0.0,0.0,0.0,0.319247,-13722.389056
36,2029-09-30,0.0,-13091.902395,0.0,-34.405642,-8.333333,0.0,0.0,0.0,0.0,104.288174,-13030.353196
37,2029-10-31,0.0,-13113.524736,0.0,-25.703107,-8.333333,0.0,0.0,0.0,0.0,-3.892021,-13151.453198
38,2029-11-30,0.0,-14842.49088,0.0,-15.853178,-8.333333,0.0,0.0,0.0,0.0,-311.213906,-15177.891297
39,2029-12-31,0.0,-14831.202697,0.0,-6.010739,-8.333333,0.0,0.0,0.0,0.0,2.031873,-14843.514897
40,2030-01-31,0.0,-2451.270905,0.0,-4.384001,-8.333333,0.0,0.0,0.0,0.0,2228.387723,-235.600517
41,2030-02-28,0.0,-2455.319378,0.0,-2.754576,-8.333333,0.0,0.0,0.0,0.0,-0.728725,-2467.136013
42,2030-03-31,0.0,-1600.066989,0.0,-1.692723,-8.333333,0.0,0.0,0.0,0.0,153.94543,-1456.147615
43,2030-04-30,0.0,-1602.709629,0.0,-0.629116,-8.333333,0.0,0.0,0.0,0.0,-0.475675,-1612.147754
44,2030-05-31,0.0,-188.973107,0.0,-0.503708,-8.333333,0.0,0.0,0.0,0.0,254.472574,56.662425
45,2030-06-30,0.0,-189.285212,0.0,-0.378092,-8.333333,0.0,0.0,0.0,0.0,-0.056179,-198.052817
46,2030-07-31,0.0,-189.597832,0.0,-0.25227,-8.333333,0.0,0.0,0.0,0.0,-0.056272,-198.239706
47,2030-08-31,0.0,-189.910968,0.0,-0.126239,-8.333333,0.0,0.0,0.0,0.0,-0.056365,-198.426905
48,2030-09-30,0.0,-190.224621,0.0,0.0,-8.333333,0.0,0.0,0.0,0.0,-0.056458,-198.614412
49,2030-10-31,0.0,0.0,0.0,0.0,0.0,0.0,0.0,0.0,0.0,35.740432,35.740432
50,2030-11-30,0.0,0.0,0.0,0.0,0.0,0.0,0.0,0.0,0.0,0.0,0.0
51,2030-12-31,11618.136639,0.0,0.0,0.0,0.0,0.0,0.0,0.0,0.0,0.0,11618.136639
52,2031-01-31,0.0,0.0,0.0,0.0,0.0,0.0,0.0,0.0,0.0,0.0,0.0
53,2031-02-28,0.0,0.0,0.0,0.0,0.0,0.0,0.0,0.0,0.0,0.0,0.0
54,2031-03-31,11618.136639,0.0,0.0,0.0,0.0,0.0,0.0,0.0,0.0,0.0,11618.136639
55,2031-04-30,0.0,0.0,0.0,0.0,0.0,0.0,0.0,0.0,0.0,0.0,0.0
56,2031-05-31,0.0,0.0,0.0,0.0,0.0,0.0,0.0,0.0,0.0,0.0,0.0
57,2031-06-30,11618.136639,0.0,0.0,0.0,0.0,0.0,0.0,0.0,0.0,0.0,11618.136639
58,2031-07-31,0.0,0.0,0.0,0.0,0.0,0.0,0.0,0.0,0.0,0.0,0.0
59,2031-08-31,0.0,0.0,0.0,0.0,0.0,0.0,0.0,0.0,0.0,0.0,0.0
60,2031-09-30,11618.136639,0.0,0.0,0.0,0.0,0.0,0.0,0.0,0.0,0.0,11618.136639
61,2031-10-31,0.0,0.0,0.0,0.0,0.0,0.0,0.0,0.0,0.0,0.0,0.0
62,2031-11-30,0.0,0.0,0.0,0.0,0.0,0.0,0.0,0.0,0.0,0.0,0.0
63,2031-12-31,11618.136639,0.0,0.0,0.0,0.0,0.0,0.0,0.0,0.0,0.0,11618.136639
64,2032-01-31,0.0,0.0,0.0,0.0,0.0,0.0,0.0,0.0,0.0,0.0,0.0
65,2032-02-29,0.0,0.0,0.0,0.0,0.0,0.0,0.0,0.0,0.0,0.0,0.0
66,2032-03-31,11618.136639,0.0,0.0,0.0,0.0,0.0,0.0,0.0,0.0,0.0,11618.136639
67,2032-04-30,0.0,0.0,0.0,0.0,0.0,0.0,0.0,0.0,0.0,0.0,0.0
68,2032-05-31,0.0,0.0,0.0,0.0,0.0,0.0,0.0,0.0,0.0,0.0,0.0
69,2032-06-30,11618.136639,0.0,0.0,0.0,0.0,0.0,0.0,0.0,0.0,0.0,11618.136639
70,2032-07-31,0.0,0.0,0.0,0.0,0.0,0.0,0.0,0.0,0.0,0.0,0.0
71,2032-08-31,0.0,0.0,0.0,0.0,0.0,0.0,0.0,0.0,0.0,0.0,0.0
72,2032-09-30,11618.136639,0.0,0.0,0.0,0.0,0.0,0.0,0.0,0.0,0.0,11618.136639
73,2032-10-31,0.0,0.0,0.0,0.0,0.0,0.0,0.0,0.0,0.0,0.0,0.0
74,2032-11-30,0.0,0.0,0.0,0.0,0.0,0.0,0.0,0.0,0.0,0.0,0.0
75,2032-12-31,11618.136639,0.0,0.0,0.0,0.0,0.0,0.0,0.0,-1717.924095,0.0,9900.212544
76,2033-01-31,0.0,0.0,0.0,0.0,0.0,0.0,0.0,0.0,0.0,0.0,0.0
77,2033-02-28,0.0,0.0,0.0,0.0,0.0,0.0,0.0,0.0,0.0,0.0,0.0
78,2033-03-31,11618.136639,0.0,0.0,0.0,0.0,0.0,0.0,0.0,0.0,0.0,11618.136639
79,2033-04-30,0.0,0.0,0.0,0.0,0.0,0.0,0.0,0.0,0.0,0.0,0.0
80,2033-05-31,0.0,0.0,0.0,0.0,0.0,0.0,0.0,0.0,0.0,0.0,0.0
81,2033-06-30,11618.136639,0.0,0.0,0.0,0.0,0.0,0.0,0.0,0.0,0.0,11618.136639
82,2033-07-31,0.0,0.0,0.0,0.0,0.0,0.0,0.0,0.0,0.0,0.0,0.0
83,2033-08-31,0.0,0.0,0.0,0.0,0.0,0.0,0.0,0.0,0.0,0.0,0.0
84,2033-09-30,11618.136639,0.0,0.0,0.0,0.0,0.0,0.0,0.0,0.0,0.0,11618.136639
85,2033-10-31,0.0,0.0,0.0,0.0,0.0,0.0,0.0,0.0,0.0,0.0,0.0
86,2033-11-30,0.0,0.0,0.0,0.0,0.0,0.0,0.0,0.0,0.0,0.0,0.0
87,2033-12-31,11618.136639,0.0,0.0,0.0,0.0,0.0,0.0,0.0,-5837.704404,0.0,5780.432234
88,2034-01-31,0.0,0.0,0.0,0.0,0.0,0.0,0.0,0.0,0.0,0.0,0.0
89,2034-02-28,0.0,0.0,0.0,0.0,0.0,0.0,0.0,0.0,0.0,0.0,0.0
90,2034-03-31,11618.136639,0.0,0.0,0.0,0.0,0.0,0.0,0.0,0.0,0.0,11618.136639
91,2034-04-30,0.0,0.0,0.0,0.0,0.0,0.0,0.0,0.0,0.0,0.0,0.0
92,2034-05-31,0.0,0.0,0.0,0.0,0.0,0.0,0.0,0.0,0.0,0.0,0.0
93,2034-06-30,11618.136639,0.0,0.0,0.0,0.0,0.0,0.0,0.0,0.0,0.0,11618.136639
94,2034-07-31,0.0,0.0,0.0,0.0,0.0,0.0,0.0,0.0,0.0,0.0,0.0
95,2034-08-31,0.0,0.0,0.0,0.0,0.0,0.0,0.0,0.0,0.0,0.0,0.0
96,2034-09-30,11618.136639,0.0,0.0,0.0,0.0,0.0,0.0,0.0,0.0,0.0,11618.136639
97,2034-10-31,0.0,0.0,0.0,0.0,0.0,0.0,0.0,0.0,0.0,0.0,0.0
98,2034-11-30,0.0,0.0,0.0,0.0,0.0,0.0,0.0,0.0,0.0,0.0,0.0
99,2034-12-31,11618.136639,0.0,0.0,0.0,0.0,0.0,0.0,0.0,-5810.552138,0.0,5807.584501
100,2035-01-31,0.0,0.0,0.0,0.0,0.0,0.0,0.0,0.0,0.0,0.0,0.0
101,2035-02-28,0.0,0.0,0.0,0.0,0.0,0.0,0.0,0.0,0.0,0.0,0.0
102,2035-03-31,11618.136639,0.0,0.0,0.0,0.0,0.0,0.0,0.0,0.0,0.0,11618.136639
103,2035-04-30,0.0,0.0,0.0,0.0,0.0,0.0,0.0,0.0,0.0,0.0,0.0
104,2035-05-31,0.0,0.0,0.0,0.0,0.0,0.0,0.0,0.0,0.0,0.0,0.0
105,2035-06-30,11618.136639,0.0,0.0,0.0,0.0,0.0,0.0,0.0,0.0,0.0,11618.136639
106,2035-07-31,0.0,0.0,0.0,0.0,0.0,0.0,0.0,0.0,0.0,0.0,0.0
107,2035-08-31,0.0,0.0,0.0,0.0,0.0,0.0,0.0,0.0,0.0,0.0,0.0
108,2035-09-30,11618.136639,0.0,0.0,0.0,0.0,0.0,0.0,0.0,0.0,0.0,11618.136639
109,2035-10-31,0.0,0.0,0.0,0.0,0.0,0.0,0.0,0.0,0.0,0.0,0.0
110,2035-11-30,0.0,0.0,0.0,0.0,0.0,0.0,0.0,0.0,0.0,0.0,0.0
111,2035-12-31,11618.136639,0.0,0.0,0.0,0.0,0.0,0.0,0.0,-5773.984104,0.0,5844.152534
112,2036-01-31,0.0,0.0,0.0,0.0,0.0,0.0,0.0,0.0,0.0,0.0,0.0
113,2036-02-29,0.0,0.0,0.0,0.0,0.0,0.0,0.0,0.0,0.0,0.0,0.0
114,2036-03-31,11618.136639,0.0,0.0,0.0,0.0,0.0,0.0,0.0,0.0,0.0,11618.136639
115,2036-04-30,0.0,0.0,0.0,0.0,0.0,0.0,0.0,0.0,0.0,0.0,0.0
116,2036-05-31,0.0,0.0,0.0,0.0,0.0,0.0,0.0,0.0,0.0,0.0,0.0
117,2036-06-30,11618.136639,0.0,0.0,0.0,0.0,0.0,0.0,0.0,0.0,0.0,11618.136639
118,2036-07-31,0.0,0.0,0.0,0.0,0.0,0.0,0.0,0.0,0.0,0.0,0.0
119,2036-08-31,0.0,0.0,0.0,0.0,0.0,0.0,0.0,0.0,0.0,0.0,0.0
120,2036-09-30,11618.136639,0.0,0.0,0.0,0.0,0.0,0.0,0.0,0.0,0.0,11618.136639
121,2036-10-31,0.0,0.0,0.0,0.0,0.0,0.0,0.0,0.0,0.0,0.0,0.0
122,2036-11-30,0.0,0.0,0.0,0.0,0.0,0.0,0.0,0.0,0.0,0.0,0.0
123,2036-12-31,11618.136639,0.0,0.0,0.0,0.0,0.0,0.0,0.0,-5726.370876,0.0,5891.765762
124,2037-01-31,0.0,0.0,0.0,0.0,0.0,0.0,0.0,0.0,0.0,0.0,0.0
125,2037-02-28,0.0,0.0,0.0,0.0,0.0,0.0,0.0,0.0,0.0,0.0,0.0
126,2037-03-31,11618.136639,0.0,0.0,0.0,0.0,0.0,0.0,0.0,0.0,0.0,11618.136639
127,2037-04-30,0.0,0.0,0.0,0.0,0.0,0.0,0.0,0.0,0.0,0.0,0.0
128,2037-05-31,0.0,0.0,0.0,0.0,0.0,0.0,0.0,0.0,0.0,0.0,0.0
129,2037-06-30,11618.136639,0.0,0.0,0.0,0.0,0.0,0.0,0.0,0.0,0.0,11618.136639
130,2037-07-31,0.0,0.0,0.0,0.0,0.0,0.0,0.0,0.0,0.0,0.0,0.0
131,2037-08-31,0.0,0.0,0.0,0.0,0.0,0.0,0.0,0.0,0.0,0.0,0.0
132,2037-09-30,11618.136639,0.0,0.0,0.0,0.0,0.0,0.0,0.0,0.0,0.0,11618.136639
133,2037-10-31,0.0,0.0,0.0,0.0,0.0,0.0,0.0,0.0,0.0,0.0,0.0
134,2037-11-30,0.0,0.0,0.0,0.0,0.0,0.0,0.0,0.0,0.0,0.0,0.0
135,2037-12-31,11618.136639,0.0,0.0,0.0,0.0,0.0,0.0,0.0,-5665.849025,0.0,5952.287613
136,2038-01-31,0.0,0.0,0.0,0.0,0.0,0.0,0.0,0.0,0.0,0.0,0.0
137,2038-02-28,0.0,0.0,0.0,0.0,0.0,0.0,0.0,0.0,0.0,0.0,0.0
138,2038-03-31,11618.136639,0.0,0.0,0.0,0.0,0.0,0.0,0.0,0.0,0.0,11618.136639
139,2038-04-30,0.0,0.0,0.0,0.0,0.0,0.0,0.0,0.0,0.0,0.0,0.0
140,2038-05-31,0.0,0.0,0.0,0.0,0.0,0.0,0.0,0.0,0.0,0.0,0.0
141,2038-06-30,11618.136639,0.0,0.0,0.0,0.0,0.0,0.0,0.0,0.0,0.0,11618.136639
142,2038-07-31,0.0,0.0,0.0,0.0,0.0,0.0,0.0,0.0,0.0,0.0,0.0
143,2038-08-31,0.0,0.0,0.0,0.0,0.0,0.0,0.0,0.0,0.0,0.0,0.0
144,2038-09-30,11618.136639,0.0,0.0,0.0,0.0,0.0,0.0,0.0,0.0,0.0,11618.136639
145,2038-10-31,0.0,0.0,0.0,0.0,0.0,0.0,0.0,0.0,0.0,0.0,0.0
146,2038-11-30,0.0,0.0,0.0,0.0,0.0,0.0,0.0,0.0,0.0,0.0,0.0
147,2038-12-31,11618.136639,0.0,0.0,0.0,0.0,0.0,0.0,0.0,-5590.290334,0.0,6027.846305
148,2039-01-31,0.0,0.0,0.0,0.0,0.0,0.0,0.0,0.0,0.0,0.0,0.0
149,2039-02-28,0.0,0.0,0.0,0.0,0.0,0.0,0.0,0.0,0.0,0.0,0.0
150,2039-03-31,11618.136639,0.0,0.0,0.0,0.0,0.0,0.0,0.0,0.0,0.0,11618.136639
151,2039-04-30,0.0,0.0,0.0,0.0,0.0,0.0,0.0,0.0,0.0,0.0,0.0
152,2039-05-31,0.0,0.0,0.0,0.0,0.0,0.0,0.0,0.0,0.0,0.0,0.0
153,2039-06-30,11618.136639,0.0,0.0,0.0,0.0,0.0,0.0,0.0,0.0,0.0,11618.136639
154,2039-07-31,0.0,0.0,0.0,0.0,0.0,0.0,0.0,0.0,0.0,0.0,0.0
155,2039-08-31,0.0,0.0,0.0,0.0,0.0,0.0,0.0,0.0,0.0,0.0,0.0
156,2039-09-30,11618.136639,0.0,0.0,0.0,0.0,0.0,0.0,0.0,0.0,0.0,11618.136639
157,2039-10-31,0.0,0.0,0.0,0.0,0.0,0.0,0.0,0.0,0.0,0.0,0.0
158,2039-11-30,0.0,0.0,0.0,0.0,0.0,0.0,0.0,0.0,0.0,0.0,0.0
159,2039-12-31,11618.136639,0.0,0.0,0.0,0.0,0.0,0.0,0.0,-5497.267163,0.0,6120.869476
160,2040-01-31,0.0,0.0,0.0,0.0,0.0,0.0,0.0,0.0,0.0,0.0,0.0
161,2040-02-29,0.0,0.0,0.0,0.0,0.0,0.0,0.0,0.0,0.0,0.0,0.0
162,2040-03-31,11618.136639,0.0,0.0,0.0,0.0,0.0,0.0,0.0,0.0,0.0,11618.136639
163,2040-04-30,0.0,0.0,0.0,0.0,0.0,0.0,0.0,0.0,0.0,0.0,0.0
164,2040-05-31,0.0,0.0,0.0,0.0,0.0,0.0,0.0,0.0,0.0,0.0,0.0
165,2040-06-30,11618.136639,0.0,0.0,0.0,0.0,0.0,0.0,0.0,0.0,0.0,11618.136639
166,2040-07-31,0.0,0.0,0.0,0.0,0.0,0.0,0.0,0.0,0.0,0.0,0.0
167,2040-08-31,0.0,0.0,0.0,0.0,0.0,0.0,0.0,0.0,0.0,0.0,0.0
168,2040-09-30,11618.136639,0.0,0.0,0.0,0.0,0.0,0.0,0.0,0.0,0.0,11618.136639
169,2040-10-31,0.0,0.0,0.0,0.0,0.0,0.0,0.0,0.0,0.0,0.0,0.0
170,2040-11-30,0.0,0.0,0.0,0.0,0.0,0.0,0.0,0.0,0.0,0.0,0.0
171,2040-12-31,11618.136639,0.0,0.0,0.0,0.0,0.0,0.0,0.0,-5384.013495,0.0,6234.123144
172,2041-01-31,0.0,0.0,0.0,0.0,0.0,0.0,0.0,0.0,0.0,0.0,0.0
173,2041-02-28,0.0,0.0,0.0,0.0,0.0,0.0,0.0,0.0,0.0,0.0,0.0
174,2041-03-31,11618.136639,0.0,0.0,0.0,0.0,0.0,0.0,0.0,0.0,0.0,11618.136639
175,2041-04-30,0.0,0.0,0.0,0.0,0.0,0.0,0.0,0.0,0.0,0.0,0.0
176,2041-05-31,0.0,0.0,0.0,0.0,0.0,0.0,0.0,0.0,0.0,0.0,0.0
177,2041-06-30,11618.136639,0.0,0.0,0.0,0.0,0.0,0.0,0.0,0.0,0.0,11618.136639
178,2041-07-31,0.0,0.0,0.0,0.0,0.0,0.0,0.0,0.0,0.0,0.0,0.0
179,2041-08-31,0.0,0.0,0.0,0.0,0.0,0.0,0.0,0.0,0.0,0.0,0.0
180,2041-09-30,11618.136639,0.0,0.0,0.0,0.0,0.0,0.0,0.0,0.0,0.0,11618.136639
181,2041-10-31,0.0,0.0,0.0,0.0,0.0,0.0,0.0,0.0,0.0,0.0,0.0
182,2041-11-30,0.0,0.0,0.0,0.0,0.0,0.0,0.0,0.0,0.0,0.0,0.0
183,2041-12-31,11618.136639,0.0,0.0,0.0,0.0,0.0,0.0,0.0,-5247.381146,0.0,6370.755492
184,2042-01-31,0.0,0.0,0.0,0.0,0.0,0.0,0.0,0.0,0.0,0.0,0.0
185,2042-02-28,0.0,0.0,0.0,0.0,0.0,0.0,0.0,0.0,0.0,0.0,0.0
186,2042-03-31,11618.136639,0.0,0.0,0.0,0.0,0.0,0.0,0.0,0.0,0.0,11618.136639
187,2042-04-30,0.0,0.0,0.0,0.0,0.0,0.0,0.0,0.0,0.0,0.0,0.0
188,2042-05-31,0.0,0.0,0.0,0.0,0.0,0.0,0.0,0.0,0.0,0.0,0.0
189,2042-06-30,11618.136639,0.0,0.0,0.0,0.0,0.0,0.0,0.0,0.0,0.0,11618.136639
190,2042-07-31,0.0,0.0,0.0,0.0,0.0,0.0,0.0,0.0,0.0,0.0,0.0
191,2042-08-31,0.0,0.0,0.0,0.0,0.0,0.0,0.0,0.0,0.0,0.0,0.0
192,2042-09-30,11618.136639,0.0,0.0,0.0,0.0,0.0,0.0,0.0,0.0,0.0,11618.136639
193,2042-10-31,0.0,0.0,0.0,0.0,0.0,0.0,0.0,0.0,0.0,0.0,0.0
194,2042-11-30,0.0,0.0,0.0,0.0,0.0,0.0,0.0,0.0,0.0,0.0,0.0
195,2042-12-31,11618.136639,0.0,0.0,0.0,0.0,0.0,0.0,0.0,-5066.04488,0.0,6552.091759
196,2043-01-31,0.0,0.0,0.0,0.0,0.0,0.0,0.0,0.0,0.0,0.0,0.0
197,2043-02-28,0.0,0.0,0.0,0.0,0.0,0.0,0.0,0.0,0.0,0.0,0.0
198,2043-03-31,11618.136639,0.0,0.0,0.0,0.0,0.0,0.0,0.0,0.0,0.0,11618.136639
199,2043-04-30,0.0,0.0,0.0,0.0,0.0,0.0,0.0,0.0,0.0,0.0,0.0
200,2043-05-31,0.0,0.0,0.0,0.0,0.0,0.0,0.0,0.0,0.0,0.0,0.0
201,2043-06-30,11618.136639,0.0,0.0,0.0,0.0,0.0,0.0,0.0,0.0,0.0,11618.136639
202,2043-07-31,0.0,0.0,0.0,0.0,0.0,0.0,0.0,0.0,0.0,0.0,0.0
203,2043-08-31,0.0,0.0,0.0,0.0,0.0,0.0,0.0,0.0,0.0,0.0,0.0
204,2043-09-30,11618.136639,0.0,0.0,0.0,0.0,0.0,0.0,0.0,0.0,0.0,11618.136639
205,2043-10-31,0.0,0.0,0.0,0.0,0.0,0.0,0.0,0.0,0.0,0.0,0.0
206,2043-11-30,0.0,0.0,0.0,0.0,0.0,0.0,0.0,0.0,0.0,0.0,0.0
207,2043-12-31,11618.136639,0.0,0.0,0.0,0.0,0.0,0.0,0.0,-4266.958517,0.0,7351.178122
208,2044-01-31,0.0,0.0,0.0,0.0,0.0,0.0,0.0,0.0,0.0,0.0,0.0
209,2044-02-29,0.0,0.0,0.0,0.0,0.0,0.0,0.0,0.0,0.0,0.0,0.0
210,2044-03-31,11618.136639,0.0,0.0,0.0,0.0,0.0,0.0,0.0,0.0,0.0,11618.136639
211,2044-04-30,0.0,0.0,0.0,0.0,0.0,0.0,0.0,0.0,0.0,0.0,0.0
212,2044-05-31,0.0,0.0,0.0,0.0,0.0,0.0,0.0,0.0,0.0,0.0,0.0
213,2044-06-30,11618.136639,0.0,0.0,0.0,0.0,0.0,0.0,0.0,0.0,0.0,11618.136639
214,2044-07-31,0.0,0.0,0.0,0.0,0.0,0.0,0.0,0.0,0.0,0.0,0.0
215,2044-08-31,0.0,0.0,0.0,0.0,0.0,0.0,0.0,0.0,0.0,0.0,0.0
216,2044-09-30,11618.136639,0.0,0.0,0.0,0.0,0.0,0.0,0.0,0.0,0.0,11618.136639
217,2044-10-31,0.0,0.0,0.0,0.0,0.0,0.0,0.0,0.0,0.0,0.0,0.0
218,2044-11-30,0.0,0.0,0.0,0.0,0.0,0.0,0.0,0.0,0.0,0.0,0.0
219,2044-12-31,11618.136639,0.0,0.0,0.0,0.0,0.0,0.0,0.0,-3093.625126,0.0,8524.511513
220,2045-01-31,0.0,0.0,0.0,0.0,0.0,0.0,0.0,0.0,0.0,0.0,0.0
221,2045-02-28,0.0,0.0,0.0,0.0,0.0,0.0,0.0,0.0,0.0,0.0,0.0
222,2045-03-31,11618.136639,0.0,0.0,0.0,0.0,0.0,0.0,0.0,0.0,0.0,11618.136639
223,2045-04-30,0.0,0.0,0.0,0.0,0.0,0.0,0.0,0.0,0.0,0.0,0.0
224,2045-05-31,0.0,0.0,0.0,0.0,0.0,0.0,0.0,0.0,0.0,0.0,0.0
225,2045-06-30,11618.136639,0.0,0.0,0.0,0.0,0.0,0.0,0.0,0.0,0.0,11618.136639
226,2045-07-31,0.0,0.0,0.0,0.0,0.0,0.0,0.0,0.0,0.0,0.0,0.0
227,2045-08-31,0.0,0.0,0.0,0.0,0.0,0.0,0.0,0.0,0.0,0.0,0.0
228,2045-09-30,11618.136639,0.0,0.0,0.0,0.0,0.0,0.0,0.0,0.0,0.0,11618.136639
229,2045-10-31,0.0,0.0,0.0,0.0,0.0,0.0,0.0,0.0,0.0,0.0,0.0
230,2045-11-30,0.0,0.0,0.0,0.0,0.0,0.0,0.0,0.0,0.0,0.0,0.0
231,2045-12-31,0.0,0.0,0.0,0.0,0.0,0.0,0.0,0.0,-1791.818281,0.0,-1791.818281
